symbol,name,market,enabled,source_file
000080,하이트진로,KR,1,/Users/alicia/Desktop/#python/#Version2_broad_/KR_Stocks_Individual.xlsx
000100,유한양행,KR,1,/Users/alicia/Desktop/#python/#Version2_broad_/KR_Stocks_Individual.xlsx
000120,CJ대한통운,KR,1,/Users/alicia/Desktop/#python/#Version2_broad_/KR_Stocks_Individual.xlsx
000150,두산,KR,1,/Users/alicia/Desktop/#python/#Version2_broad_/KR_Stocks_Individual.xlsx
000210,DL,KR,1,/Users/alicia/Desktop/#python/#Version2_broad_/KR_Stocks_Individual.xlsx
000240,한국앤컴퍼니,KR,1,/Users/alicia/Desktop/#python/#Version2_broad_/KR_Stocks_Individual.xlsx
000250,삼천당제약,KR,1,/Users/alicia/Desktop/#python/#Version2_broad_/KR_Stocks_Individual.xlsx
000270,기아,KR,1,/Users/alicia/Desktop/#python/#Version2_broad_/KR_Stocks_Individual.xlsx
000660,SK하이닉스,KR,1,/Users/alicia/Desktop/#python/#Version2_broad_/KR_Stocks_Individual.xlsx
000670,영풍,KR,1,/Users/alicia/Desktop/#python/#Version2_broad_/KR_Stocks_Individual.xlsx
000720,현대건설,KR,1,/Users/alicia/Desktop/#python/#Version2_broad_/KR_Stocks_Individual.xlsx
000810,삼성화재,KR,1,/Users/alicia/Desktop/#python/#Version2_broad_/KR_Stocks_Individual.xlsx
000880,한화,KR,1,/Users/alicia/Desktop/#python/#Version2_broad_/KR_Stocks_Individual.xlsx
001040,CJ,KR,1,/Users/alicia/Desktop/#python/#Version2_broad_/KR_Stocks_Individual.xlsx
001430,세아베스틸지주,KR,1,/Users/alicia/Desktop/#python/#Version2_broad_/KR_Stocks_Individual.xlsx
001440,대한전선,KR,1,/Users/alicia/Desktop/#python/#Version2_broad_/KR_Stocks_Individual.xlsx
001450,현대해상,KR,1,/Users/alicia/Desktop/#python/#Version2_broad_/KR_Stocks_Individual.xlsx
001570,금양,KR,1,/Users/alicia/Desktop/#python/#Version2_broad_/KR_Stocks_Individual.xlsx
001680,대상,KR,1,/Users/alicia/Desktop/#python/#Version2_broad_/KR_Stocks_Individual.xlsx
001800,오리온홀딩스,KR,1,/Users/alicia/Desktop/#python/#Version2_broad_/KR_Stocks_Individual.xlsx
002380,KCC,KR,1,/Users/alicia/Desktop/#python/#Version2_broad_/KR_Stocks_Individual.xlsx
002710,TCC스틸,KR,1,/Users/alicia/Desktop/#python/#Version2_broad_/KR_Stocks_Individual.xlsx
002790,아모레퍼시픽홀딩스,KR,1,/Users/alicia/Desktop/#python/#Version2_broad_/KR_Stocks_Individual.xlsx
002840,미원상사,KR,1,/Users/alicia/Desktop/#python/#Version2_broad_/KR_Stocks_Individual.xlsx
003030,세아제강지주,KR,1,/Users/alicia/Desktop/#python/#Version2_broad_/KR_Stocks_Individual.xlsx
003090,대웅,KR,1,/Users/alicia/Desktop/#python/#Version2_broad_/KR_Stocks_Individual.xlsx
003230,삼양식품,KR,1,/Users/alicia/Desktop/#python/#Version2_broad_/KR_Stocks_Individual.xlsx
003240,태광산업,KR,1,/Users/alicia/Desktop/#python/#Version2_broad_/KR_Stocks_Individual.xlsx
003380,하림지주,KR,1,/Users/alicia/Desktop/#python/#Version2_broad_/KR_Stocks_Individual.xlsx
003490,대한항공,KR,1,/Users/alicia/Desktop/#python/#Version2_broad_/KR_Stocks_Individual.xlsx
003550,LG,KR,1,/Users/alicia/Desktop/#python/#Version2_broad_/KR_Stocks_Individual.xlsx
003620,KG모빌리티,KR,1,/Users/alicia/Desktop/#python/#Version2_broad_/KR_Stocks_Individual.xlsx
003670,포스코퓨처엠,KR,1,/Users/alicia/Desktop/#python/#Version2_broad_/KR_Stocks_Individual.xlsx
004000,롯데정밀화학,KR,1,/Users/alicia/Desktop/#python/#Version2_broad_/KR_Stocks_Individual.xlsx
004020,현대제철,KR,1,/Users/alicia/Desktop/#python/#Version2_broad_/KR_Stocks_Individual.xlsx
004170,신세계,KR,1,/Users/alicia/Desktop/#python/#Version2_broad_/KR_Stocks_Individual.xlsx
004370,농심,KR,1,/Users/alicia/Desktop/#python/#Version2_broad_/KR_Stocks_Individual.xlsx
004490,세방전지,KR,1,/Users/alicia/Desktop/#python/#Version2_broad_/KR_Stocks_Individual.xlsx
004990,롯데지주,KR,1,/Users/alicia/Desktop/#python/#Version2_broad_/KR_Stocks_Individual.xlsx
005250,녹십자홀딩스,KR,1,/Users/alicia/Desktop/#python/#Version2_broad_/KR_Stocks_Individual.xlsx
005290,동진쎄미켐,KR,1,/Users/alicia/Desktop/#python/#Version2_broad_/KR_Stocks_Individual.xlsx
005300,롯데칠성,KR,1,/Users/alicia/Desktop/#python/#Version2_broad_/KR_Stocks_Individual.xlsx
005380,현대차,KR,1,/Users/alicia/Desktop/#python/#Version2_broad_/KR_Stocks_Individual.xlsx
005420,코스모화학,KR,1,/Users/alicia/Desktop/#python/#Version2_broad_/KR_Stocks_Individual.xlsx
005490,POSCO홀딩스,KR,1,/Users/alicia/Desktop/#python/#Version2_broad_/KR_Stocks_Individual.xlsx
005830,DB손해보험,KR,1,/Users/alicia/Desktop/#python/#Version2_broad_/KR_Stocks_Individual.xlsx
005850,에스엘,KR,1,/Users/alicia/Desktop/#python/#Version2_broad_/KR_Stocks_Individual.xlsx
005930,삼성전자,KR,1,/Users/alicia/Desktop/#python/#Version2_broad_/KR_Stocks_Individual.xlsx
005940,NH투자증권,KR,1,/Users/alicia/Desktop/#python/#Version2_broad_/KR_Stocks_Individual.xlsx
006040,동원산업,KR,1,/Users/alicia/Desktop/#python/#Version2_broad_/KR_Stocks_Individual.xlsx
006260,LS,KR,1,/Users/alicia/Desktop/#python/#Version2_broad_/KR_Stocks_Individual.xlsx
006280,녹십자,KR,1,/Users/alicia/Desktop/#python/#Version2_broad_/KR_Stocks_Individual.xlsx
006360,GS건설,KR,1,/Users/alicia/Desktop/#python/#Version2_broad_/KR_Stocks_Individual.xlsx
006400,삼성SDI,KR,1,/Users/alicia/Desktop/#python/#Version2_broad_/KR_Stocks_Individual.xlsx
006650,대한유화,KR,1,/Users/alicia/Desktop/#python/#Version2_broad_/KR_Stocks_Individual.xlsx
006800,미래에셋증권,KR,1,/Users/alicia/Desktop/#python/#Version2_broad_/KR_Stocks_Individual.xlsx
007070,GS리테일,KR,1,/Users/alicia/Desktop/#python/#Version2_broad_/KR_Stocks_Individual.xlsx
007310,오뚜기,KR,1,/Users/alicia/Desktop/#python/#Version2_broad_/KR_Stocks_Individual.xlsx
007340,DN오토모티브,KR,1,/Users/alicia/Desktop/#python/#Version2_broad_/KR_Stocks_Individual.xlsx
008730,율촌화학,KR,1,/Users/alicia/Desktop/#python/#Version2_broad_/KR_Stocks_Individual.xlsx
008770,호텔신라,KR,1,/Users/alicia/Desktop/#python/#Version2_broad_/KR_Stocks_Individual.xlsx
008930,한미사이언스,KR,1,/Users/alicia/Desktop/#python/#Version2_broad_/KR_Stocks_Individual.xlsx
009150,삼성전기,KR,1,/Users/alicia/Desktop/#python/#Version2_broad_/KR_Stocks_Individual.xlsx
009240,한샘,KR,1,/Users/alicia/Desktop/#python/#Version2_broad_/KR_Stocks_Individual.xlsx
009420,한올바이오파마,KR,1,/Users/alicia/Desktop/#python/#Version2_broad_/KR_Stocks_Individual.xlsx
009520,포스코엠텍,KR,1,/Users/alicia/Desktop/#python/#Version2_broad_/KR_Stocks_Individual.xlsx
009540,HD한국조선해양,KR,1,/Users/alicia/Desktop/#python/#Version2_broad_/KR_Stocks_Individual.xlsx
009830,한화솔루션,KR,1,/Users/alicia/Desktop/#python/#Version2_broad_/KR_Stocks_Individual.xlsx
009970,영원무역홀딩스,KR,1,/Users/alicia/Desktop/#python/#Version2_broad_/KR_Stocks_Individual.xlsx
010060,OCI홀딩스,KR,1,/Users/alicia/Desktop/#python/#Version2_broad_/KR_Stocks_Individual.xlsx
010120,LS ELECTRIC,KR,1,/Users/alicia/Desktop/#python/#Version2_broad_/KR_Stocks_Individual.xlsx
010130,고려아연,KR,1,/Users/alicia/Desktop/#python/#Version2_broad_/KR_Stocks_Individual.xlsx
010140,삼성중공업,KR,1,/Users/alicia/Desktop/#python/#Version2_broad_/KR_Stocks_Individual.xlsx
010620,HD현대미포,KR,1,/Users/alicia/Desktop/#python/#Version2_broad_/KR_Stocks_Individual.xlsx
010950,S-Oil,KR,1,/Users/alicia/Desktop/#python/#Version2_broad_/KR_Stocks_Individual.xlsx
011070,LG이노텍,KR,1,/Users/alicia/Desktop/#python/#Version2_broad_/KR_Stocks_Individual.xlsx
011170,롯데케미칼,KR,1,/Users/alicia/Desktop/#python/#Version2_broad_/KR_Stocks_Individual.xlsx
011200,HMM,KR,1,/Users/alicia/Desktop/#python/#Version2_broad_/KR_Stocks_Individual.xlsx
011210,현대위아,KR,1,/Users/alicia/Desktop/#python/#Version2_broad_/KR_Stocks_Individual.xlsx
011780,금호석유화학,KR,1,/Users/alicia/Desktop/#python/#Version2_broad_/KR_Stocks_Individual.xlsx
011790,SKC,KR,1,/Users/alicia/Desktop/#python/#Version2_broad_/KR_Stocks_Individual.xlsx
012330,현대모비스,KR,1,/Users/alicia/Desktop/#python/#Version2_broad_/KR_Stocks_Individual.xlsx
012450,한화에어로스페이스,KR,1,/Users/alicia/Desktop/#python/#Version2_broad_/KR_Stocks_Individual.xlsx
012630,HDC,KR,1,/Users/alicia/Desktop/#python/#Version2_broad_/KR_Stocks_Individual.xlsx
012750,에스원,KR,1,/Users/alicia/Desktop/#python/#Version2_broad_/KR_Stocks_Individual.xlsx
014680,한솔케미칼,KR,1,/Users/alicia/Desktop/#python/#Version2_broad_/KR_Stocks_Individual.xlsx
014820,동원시스템즈,KR,1,/Users/alicia/Desktop/#python/#Version2_broad_/KR_Stocks_Individual.xlsx
015760,한국전력,KR,1,/Users/alicia/Desktop/#python/#Version2_broad_/KR_Stocks_Individual.xlsx
016360,삼성증권,KR,1,/Users/alicia/Desktop/#python/#Version2_broad_/KR_Stocks_Individual.xlsx
017670,SK텔레콤,KR,1,/Users/alicia/Desktop/#python/#Version2_broad_/KR_Stocks_Individual.xlsx
017800,현대엘리베이터,KR,1,/Users/alicia/Desktop/#python/#Version2_broad_/KR_Stocks_Individual.xlsx
017960,한국카본,KR,1,/Users/alicia/Desktop/#python/#Version2_broad_/KR_Stocks_Individual.xlsx
018260,삼성에스디에스,KR,1,/Users/alicia/Desktop/#python/#Version2_broad_/KR_Stocks_Individual.xlsx
018880,한온시스템,KR,1,/Users/alicia/Desktop/#python/#Version2_broad_/KR_Stocks_Individual.xlsx
021240,코웨이,KR,1,/Users/alicia/Desktop/#python/#Version2_broad_/KR_Stocks_Individual.xlsx
022100,포스코DX,KR,1,/Users/alicia/Desktop/#python/#Version2_broad_/KR_Stocks_Individual.xlsx
023530,롯데쇼핑,KR,1,/Users/alicia/Desktop/#python/#Version2_broad_/KR_Stocks_Individual.xlsx
024110,기업은행,KR,1,/Users/alicia/Desktop/#python/#Version2_broad_/KR_Stocks_Individual.xlsx
025900,동화기업,KR,1,/Users/alicia/Desktop/#python/#Version2_broad_/KR_Stocks_Individual.xlsx
026960,동서,KR,1,/Users/alicia/Desktop/#python/#Version2_broad_/KR_Stocks_Individual.xlsx
028050,삼성E&A,KR,1,/Users/alicia/Desktop/#python/#Version2_broad_/KR_Stocks_Individual.xlsx
028260,삼성물산,KR,1,/Users/alicia/Desktop/#python/#Version2_broad_/KR_Stocks_Individual.xlsx
028670,팬오션,KR,1,/Users/alicia/Desktop/#python/#Version2_broad_/KR_Stocks_Individual.xlsx
029780,삼성카드,KR,1,/Users/alicia/Desktop/#python/#Version2_broad_/KR_Stocks_Individual.xlsx
030000,제일기획,KR,1,/Users/alicia/Desktop/#python/#Version2_broad_/KR_Stocks_Individual.xlsx
030200,KT,KR,1,/Users/alicia/Desktop/#python/#Version2_broad_/KR_Stocks_Individual.xlsx
030520,한글과컴퓨터,KR,1,/Users/alicia/Desktop/#python/#Version2_broad_/KR_Stocks_Individual.xlsx
032640,LG유플러스,KR,1,/Users/alicia/Desktop/#python/#Version2_broad_/KR_Stocks_Individual.xlsx
032830,삼성생명,KR,1,/Users/alicia/Desktop/#python/#Version2_broad_/KR_Stocks_Individual.xlsx
033780,KT&G,KR,1,/Users/alicia/Desktop/#python/#Version2_broad_/KR_Stocks_Individual.xlsx
034020,두산에너빌리티,KR,1,/Users/alicia/Desktop/#python/#Version2_broad_/KR_Stocks_Individual.xlsx
034220,LG디스플레이,KR,1,/Users/alicia/Desktop/#python/#Version2_broad_/KR_Stocks_Individual.xlsx
034730,SK,KR,1,/Users/alicia/Desktop/#python/#Version2_broad_/KR_Stocks_Individual.xlsx
035250,강원랜드,KR,1,/Users/alicia/Desktop/#python/#Version2_broad_/KR_Stocks_Individual.xlsx
035420,NAVER,KR,1,/Users/alicia/Desktop/#python/#Version2_broad_/KR_Stocks_Individual.xlsx
035720,카카오,KR,1,/Users/alicia/Desktop/#python/#Version2_broad_/KR_Stocks_Individual.xlsx
035760,CJ ENM,KR,1,/Users/alicia/Desktop/#python/#Version2_broad_/KR_Stocks_Individual.xlsx
035900,JYP Ent.,KR,1,/Users/alicia/Desktop/#python/#Version2_broad_/KR_Stocks_Individual.xlsx
036460,한국가스공사,KR,1,/Users/alicia/Desktop/#python/#Version2_broad_/KR_Stocks_Individual.xlsx
036540,SFA반도체,KR,1,/Users/alicia/Desktop/#python/#Version2_broad_/KR_Stocks_Individual.xlsx
036570,엔씨소프트,KR,1,/Users/alicia/Desktop/#python/#Version2_broad_/KR_Stocks_Individual.xlsx
036830,솔브레인홀딩스,KR,1,/Users/alicia/Desktop/#python/#Version2_broad_/KR_Stocks_Individual.xlsx
036930,주성엔지니어링,KR,1,/Users/alicia/Desktop/#python/#Version2_broad_/KR_Stocks_Individual.xlsx
039030,이오테크닉스,KR,1,/Users/alicia/Desktop/#python/#Version2_broad_/KR_Stocks_Individual.xlsx
039130,하나투어,KR,1,/Users/alicia/Desktop/#python/#Version2_broad_/KR_Stocks_Individual.xlsx
039490,키움증권,KR,1,/Users/alicia/Desktop/#python/#Version2_broad_/KR_Stocks_Individual.xlsx
041510,에스엠,KR,1,/Users/alicia/Desktop/#python/#Version2_broad_/KR_Stocks_Individual.xlsx
042660,한화오션,KR,1,/Users/alicia/Desktop/#python/#Version2_broad_/KR_Stocks_Individual.xlsx
042670,HD현대인프라코어,KR,1,/Users/alicia/Desktop/#python/#Version2_broad_/KR_Stocks_Individual.xlsx
042700,한미반도체,KR,1,/Users/alicia/Desktop/#python/#Version2_broad_/KR_Stocks_Individual.xlsx
046890,서울반도체,KR,1,/Users/alicia/Desktop/#python/#Version2_broad_/KR_Stocks_Individual.xlsx
047040,대우건설,KR,1,/Users/alicia/Desktop/#python/#Version2_broad_/KR_Stocks_Individual.xlsx
047050,포스코인터내셔널,KR,1,/Users/alicia/Desktop/#python/#Version2_broad_/KR_Stocks_Individual.xlsx
047810,한국항공우주,KR,1,/Users/alicia/Desktop/#python/#Version2_broad_/KR_Stocks_Individual.xlsx
051600,한전KPS,KR,1,/Users/alicia/Desktop/#python/#Version2_broad_/KR_Stocks_Individual.xlsx
051900,LG생활건강,KR,1,/Users/alicia/Desktop/#python/#Version2_broad_/KR_Stocks_Individual.xlsx
051910,LG화학,KR,1,/Users/alicia/Desktop/#python/#Version2_broad_/KR_Stocks_Individual.xlsx
052690,한전기술,KR,1,/Users/alicia/Desktop/#python/#Version2_broad_/KR_Stocks_Individual.xlsx
055550,신한지주,KR,1,/Users/alicia/Desktop/#python/#Version2_broad_/KR_Stocks_Individual.xlsx
056190,에스에프에이,KR,1,/Users/alicia/Desktop/#python/#Version2_broad_/KR_Stocks_Individual.xlsx
058470,리노공업,KR,1,/Users/alicia/Desktop/#python/#Version2_broad_/KR_Stocks_Individual.xlsx
064350,현대로템,KR,1,/Users/alicia/Desktop/#python/#Version2_broad_/KR_Stocks_Individual.xlsx
064760,티씨케이,KR,1,/Users/alicia/Desktop/#python/#Version2_broad_/KR_Stocks_Individual.xlsx
066570,LG전자,KR,1,/Users/alicia/Desktop/#python/#Version2_broad_/KR_Stocks_Individual.xlsx
066970,엘앤에프,KR,1,/Users/alicia/Desktop/#python/#Version2_broad_/KR_Stocks_Individual.xlsx
067160,SOOP,KR,1,/Users/alicia/Desktop/#python/#Version2_broad_/KR_Stocks_Individual.xlsx
068270,셀트리온,KR,1,/Users/alicia/Desktop/#python/#Version2_broad_/KR_Stocks_Individual.xlsx
069080,웹젠,KR,1,/Users/alicia/Desktop/#python/#Version2_broad_/KR_Stocks_Individual.xlsx
069260,TKG휴켐스,KR,1,/Users/alicia/Desktop/#python/#Version2_broad_/KR_Stocks_Individual.xlsx
069620,대웅제약,KR,1,/Users/alicia/Desktop/#python/#Version2_broad_/KR_Stocks_Individual.xlsx
069960,현대백화점,KR,1,/Users/alicia/Desktop/#python/#Version2_broad_/KR_Stocks_Individual.xlsx
071050,한국금융지주,KR,1,/Users/alicia/Desktop/#python/#Version2_broad_/KR_Stocks_Individual.xlsx
071320,지역난방공사,KR,1,/Users/alicia/Desktop/#python/#Version2_broad_/KR_Stocks_Individual.xlsx
073240,금호타이어,KR,1,/Users/alicia/Desktop/#python/#Version2_broad_/KR_Stocks_Individual.xlsx
074600,원익QnC,KR,1,/Users/alicia/Desktop/#python/#Version2_broad_/KR_Stocks_Individual.xlsx
078340,컴투스,KR,1,/Users/alicia/Desktop/#python/#Version2_broad_/KR_Stocks_Individual.xlsx
078930,GS,KR,1,/Users/alicia/Desktop/#python/#Version2_broad_/KR_Stocks_Individual.xlsx
079550,LIG넥스원,KR,1,/Users/alicia/Desktop/#python/#Version2_broad_/KR_Stocks_Individual.xlsx
081660,미스토홀딩스,KR,1,/Users/alicia/Desktop/#python/#Version2_broad_/KR_Stocks_Individual.xlsx
084370,유진테크,KR,1,/Users/alicia/Desktop/#python/#Version2_broad_/KR_Stocks_Individual.xlsx
084850,아이티엠반도체,KR,1,/Users/alicia/Desktop/#python/#Version2_broad_/KR_Stocks_Individual.xlsx
086280,현대글로비스,KR,1,/Users/alicia/Desktop/#python/#Version2_broad_/KR_Stocks_Individual.xlsx
086450,동국제약,KR,1,/Users/alicia/Desktop/#python/#Version2_broad_/KR_Stocks_Individual.xlsx
086520,에코프로,KR,1,/Users/alicia/Desktop/#python/#Version2_broad_/KR_Stocks_Individual.xlsx
086790,하나금융지주,KR,1,/Users/alicia/Desktop/#python/#Version2_broad_/KR_Stocks_Individual.xlsx
086900,메디톡스,KR,1,/Users/alicia/Desktop/#python/#Version2_broad_/KR_Stocks_Individual.xlsx
088350,한화생명,KR,1,/Users/alicia/Desktop/#python/#Version2_broad_/KR_Stocks_Individual.xlsx
090430,아모레퍼시픽,KR,1,/Users/alicia/Desktop/#python/#Version2_broad_/KR_Stocks_Individual.xlsx
091700,파트론,KR,1,/Users/alicia/Desktop/#python/#Version2_broad_/KR_Stocks_Individual.xlsx
093370,후성,KR,1,/Users/alicia/Desktop/#python/#Version2_broad_/KR_Stocks_Individual.xlsx
095340,ISC,KR,1,/Users/alicia/Desktop/#python/#Version2_broad_/KR_Stocks_Individual.xlsx
096530,씨젠,KR,1,/Users/alicia/Desktop/#python/#Version2_broad_/KR_Stocks_Individual.xlsx
096770,SK이노베이션,KR,1,/Users/alicia/Desktop/#python/#Version2_broad_/KR_Stocks_Individual.xlsx
097950,CJ제일제당,KR,1,/Users/alicia/Desktop/#python/#Version2_broad_/KR_Stocks_Individual.xlsx
098460,고영,KR,1,/Users/alicia/Desktop/#python/#Version2_broad_/KR_Stocks_Individual.xlsx
103140,풍산,KR,1,/Users/alicia/Desktop/#python/#Version2_broad_/KR_Stocks_Individual.xlsx
105560,KB금융,KR,1,/Users/alicia/Desktop/#python/#Version2_broad_/KR_Stocks_Individual.xlsx
111770,영원무역,KR,1,/Users/alicia/Desktop/#python/#Version2_broad_/KR_Stocks_Individual.xlsx
112040,위메이드,KR,1,/Users/alicia/Desktop/#python/#Version2_broad_/KR_Stocks_Individual.xlsx
112610,씨에스윈드,KR,1,/Users/alicia/Desktop/#python/#Version2_broad_/KR_Stocks_Individual.xlsx
114090,GKL,KR,1,/Users/alicia/Desktop/#python/#Version2_broad_/KR_Stocks_Individual.xlsx
120110,코오롱인더,KR,1,/Users/alicia/Desktop/#python/#Version2_broad_/KR_Stocks_Individual.xlsx
122870,와이지엔터테인먼트,KR,1,/Users/alicia/Desktop/#python/#Version2_broad_/KR_Stocks_Individual.xlsx
128940,한미약품,KR,1,/Users/alicia/Desktop/#python/#Version2_broad_/KR_Stocks_Individual.xlsx
131970,두산테스나,KR,1,/Users/alicia/Desktop/#python/#Version2_broad_/KR_Stocks_Individual.xlsx
137310,에스디바이오센서,KR,1,/Users/alicia/Desktop/#python/#Version2_broad_/KR_Stocks_Individual.xlsx
137400,피엔티,KR,1,/Users/alicia/Desktop/#python/#Version2_broad_/KR_Stocks_Individual.xlsx
138040,메리츠금융지주,KR,1,/Users/alicia/Desktop/#python/#Version2_broad_/KR_Stocks_Individual.xlsx
138930,BNK금융지주,KR,1,/Users/alicia/Desktop/#python/#Version2_broad_/KR_Stocks_Individual.xlsx
139130,iM금융지주,KR,1,/Users/alicia/Desktop/#python/#Version2_broad_/KR_Stocks_Individual.xlsx
139480,이마트,KR,1,/Users/alicia/Desktop/#python/#Version2_broad_/KR_Stocks_Individual.xlsx
140860,파크시스템스,KR,1,/Users/alicia/Desktop/#python/#Version2_broad_/KR_Stocks_Individual.xlsx
141080,리가켐바이오,KR,1,/Users/alicia/Desktop/#python/#Version2_broad_/KR_Stocks_Individual.xlsx
145020,휴젤,KR,1,/Users/alicia/Desktop/#python/#Version2_broad_/KR_Stocks_Individual.xlsx
145720,덴티움,KR,1,/Users/alicia/Desktop/#python/#Version2_broad_/KR_Stocks_Individual.xlsx
161390,한국타이어앤테크놀로지,KR,1,/Users/alicia/Desktop/#python/#Version2_broad_/KR_Stocks_Individual.xlsx
161890,한국콜마,KR,1,/Users/alicia/Desktop/#python/#Version2_broad_/KR_Stocks_Individual.xlsx
166090,하나머티리얼즈,KR,1,/Users/alicia/Desktop/#python/#Version2_broad_/KR_Stocks_Individual.xlsx
175330,JB금융지주,KR,1,/Users/alicia/Desktop/#python/#Version2_broad_/KR_Stocks_Individual.xlsx
180640,한진칼,KR,1,/Users/alicia/Desktop/#python/#Version2_broad_/KR_Stocks_Individual.xlsx
183300,코미코,KR,1,/Users/alicia/Desktop/#python/#Version2_broad_/KR_Stocks_Individual.xlsx
185750,종근당,KR,1,/Users/alicia/Desktop/#python/#Version2_broad_/KR_Stocks_Individual.xlsx
192080,더블유게임즈,KR,1,/Users/alicia/Desktop/#python/#Version2_broad_/KR_Stocks_Individual.xlsx
192820,코스맥스,KR,1,/Users/alicia/Desktop/#python/#Version2_broad_/KR_Stocks_Individual.xlsx
195940,HK이노엔,KR,1,/Users/alicia/Desktop/#python/#Version2_broad_/KR_Stocks_Individual.xlsx
196170,알테오젠,KR,1,/Users/alicia/Desktop/#python/#Version2_broad_/KR_Stocks_Individual.xlsx
200130,콜마비앤에이치,KR,1,/Users/alicia/Desktop/#python/#Version2_broad_/KR_Stocks_Individual.xlsx
204320,HL만도,KR,1,/Users/alicia/Desktop/#python/#Version2_broad_/KR_Stocks_Individual.xlsx
207940,삼성바이오로직스,KR,1,/Users/alicia/Desktop/#python/#Version2_broad_/KR_Stocks_Individual.xlsx
213420,덕산네오룩스,KR,1,/Users/alicia/Desktop/#python/#Version2_broad_/KR_Stocks_Individual.xlsx
214150,클래시스,KR,1,/Users/alicia/Desktop/#python/#Version2_broad_/KR_Stocks_Individual.xlsx
214450,파마리서치,KR,1,/Users/alicia/Desktop/#python/#Version2_broad_/KR_Stocks_Individual.xlsx
215000,골프존,KR,1,/Users/alicia/Desktop/#python/#Version2_broad_/KR_Stocks_Individual.xlsx
215200,메가스터디교육,KR,1,/Users/alicia/Desktop/#python/#Version2_broad_/KR_Stocks_Individual.xlsx
222080,씨아이에스,KR,1,/Users/alicia/Desktop/#python/#Version2_broad_/KR_Stocks_Individual.xlsx
222800,심텍,KR,1,/Users/alicia/Desktop/#python/#Version2_broad_/KR_Stocks_Individual.xlsx
237690,에스티팜,KR,1,/Users/alicia/Desktop/#python/#Version2_broad_/KR_Stocks_Individual.xlsx
240810,원익IPS,KR,1,/Users/alicia/Desktop/#python/#Version2_broad_/KR_Stocks_Individual.xlsx
241560,두산밥캣,KR,1,/Users/alicia/Desktop/#python/#Version2_broad_/KR_Stocks_Individual.xlsx
247540,에코프로비엠,KR,1,/Users/alicia/Desktop/#python/#Version2_broad_/KR_Stocks_Individual.xlsx
251270,넷마블,KR,1,/Users/alicia/Desktop/#python/#Version2_broad_/KR_Stocks_Individual.xlsx
253450,스튜디오드래곤,KR,1,/Users/alicia/Desktop/#python/#Version2_broad_/KR_Stocks_Individual.xlsx
259960,크래프톤,KR,1,/Users/alicia/Desktop/#python/#Version2_broad_/KR_Stocks_Individual.xlsx
263750,펄어비스,KR,1,/Users/alicia/Desktop/#python/#Version2_broad_/KR_Stocks_Individual.xlsx
267250,HD현대,KR,1,/Users/alicia/Desktop/#python/#Version2_broad_/KR_Stocks_Individual.xlsx
267260,HD현대일렉트릭,KR,1,/Users/alicia/Desktop/#python/#Version2_broad_/KR_Stocks_Individual.xlsx
268280,미원에스씨,KR,1,/Users/alicia/Desktop/#python/#Version2_broad_/KR_Stocks_Individual.xlsx
271560,오리온,KR,1,/Users/alicia/Desktop/#python/#Version2_broad_/KR_Stocks_Individual.xlsx
272210,한화시스템,KR,1,/Users/alicia/Desktop/#python/#Version2_broad_/KR_Stocks_Individual.xlsx
272290,이녹스첨단소재,KR,1,/Users/alicia/Desktop/#python/#Version2_broad_/KR_Stocks_Individual.xlsx
278470,에이피알,KR,1,/Users/alicia/Desktop/#python/#Version2_broad_/KR_Stocks_Individual.xlsx
280360,롯데웰푸드,KR,1,/Users/alicia/Desktop/#python/#Version2_broad_/KR_Stocks_Individual.xlsx
282330,BGF리테일,KR,1,/Users/alicia/Desktop/#python/#Version2_broad_/KR_Stocks_Individual.xlsx
285130,SK케미칼,KR,1,/Users/alicia/Desktop/#python/#Version2_broad_/KR_Stocks_Individual.xlsx
293490,카카오게임즈,KR,1,/Users/alicia/Desktop/#python/#Version2_broad_/KR_Stocks_Individual.xlsx
298020,효성티앤씨,KR,1,/Users/alicia/Desktop/#python/#Version2_broad_/KR_Stocks_Individual.xlsx
298040,효성중공업,KR,1,/Users/alicia/Desktop/#python/#Version2_broad_/KR_Stocks_Individual.xlsx
298050,HS효성첨단소재,KR,1,/Users/alicia/Desktop/#python/#Version2_broad_/KR_Stocks_Individual.xlsx
300720,한일시멘트,KR,1,/Users/alicia/Desktop/#python/#Version2_broad_/KR_Stocks_Individual.xlsx
302440,SK바이오사이언스,KR,1,/Users/alicia/Desktop/#python/#Version2_broad_/KR_Stocks_Individual.xlsx
316140,우리금융지주,KR,1,/Users/alicia/Desktop/#python/#Version2_broad_/KR_Stocks_Individual.xlsx
319660,피에스케이,KR,1,/Users/alicia/Desktop/#python/#Version2_broad_/KR_Stocks_Individual.xlsx
323410,카카오뱅크,KR,1,/Users/alicia/Desktop/#python/#Version2_broad_/KR_Stocks_Individual.xlsx
326030,SK바이오팜,KR,1,/Users/alicia/Desktop/#python/#Version2_broad_/KR_Stocks_Individual.xlsx
329180,HD현대중공업,KR,1,/Users/alicia/Desktop/#python/#Version2_broad_/KR_Stocks_Individual.xlsx
348210,넥스틴,KR,1,/Users/alicia/Desktop/#python/#Version2_broad_/KR_Stocks_Individual.xlsx
352820,하이브,KR,1,/Users/alicia/Desktop/#python/#Version2_broad_/KR_Stocks_Individual.xlsx
357780,솔브레인,KR,1,/Users/alicia/Desktop/#python/#Version2_broad_/KR_Stocks_Individual.xlsx
361610,SK아이이테크놀로지,KR,1,/Users/alicia/Desktop/#python/#Version2_broad_/KR_Stocks_Individual.xlsx
373220,LG에너지솔루션,KR,1,/Users/alicia/Desktop/#python/#Version2_broad_/KR_Stocks_Individual.xlsx
375500,DL이앤씨,KR,1,/Users/alicia/Desktop/#python/#Version2_broad_/KR_Stocks_Individual.xlsx
377300,카카오페이,KR,1,/Users/alicia/Desktop/#python/#Version2_broad_/KR_Stocks_Individual.xlsx
383220,F&F,KR,1,/Users/alicia/Desktop/#python/#Version2_broad_/KR_Stocks_Individual.xlsx
383310,에코프로에이치엔,KR,1,/Users/alicia/Desktop/#python/#Version2_broad_/KR_Stocks_Individual.xlsx
393890,더블유씨피,KR,1,/Users/alicia/Desktop/#python/#Version2_broad_/KR_Stocks_Individual.xlsx
402340,SK스퀘어,KR,1,/Users/alicia/Desktop/#python/#Version2_broad_/KR_Stocks_Individual.xlsx
403870,HPSP,KR,1,/Users/alicia/Desktop/#python/#Version2_broad_/KR_Stocks_Individual.xlsx
443060,HD현대마린솔루션,KR,1,/Users/alicia/Desktop/#python/#Version2_broad_/KR_Stocks_Individual.xlsx
450080,에코프로머티,KR,1,/Users/alicia/Desktop/#python/#Version2_broad_/KR_Stocks_Individual.xlsx
454910,두산로보틱스,KR,1,/Users/alicia/Desktop/#python/#Version2_broad_/KR_Stocks_Individual.xlsx
456040,OCI,KR,1,/Users/alicia/Desktop/#python/#Version2_broad_/KR_Stocks_Individual.xlsx
457190,이수스페셜티케미컬,KR,1,/Users/alicia/Desktop/#python/#Version2_broad_/KR_Stocks_Individual.xlsx
489790,한화비전,KR,1,/Users/alicia/Desktop/#python/#Version2_broad_/KR_Stocks_Individual.xlsx
